dateStr,description,amount,categoryName
2026-03-01,University Campus Bookstore Textbooks,185.40,Books & Supplies
2026-03-02,Semester Student Transit Pass,65.00,Transportation
2026-03-04,Campus Dining Hall Lunch Combo,14.50,Food & Dining
2026-03-06,College Library Printing & Binding Cards,12.00,Education
2026-03-08,Notebooks Pens & Scientific Calculator,48.70,Books & Supplies
2026-03-11,Late-Night Study Coffee & Snacks,11.25,Food & Dining
2026-03-13,Student Spotify & Hulu Premium Plan,5.99,Entertainment
2026-03-15,Dormitory Shared Laundry Tokens,18.00,Personal Care
2026-03-18,Local Grocery Budget Mart,64.30,Food & Dining
2026-03-21,Campus Theater Drama Club Ticket,15.00,Entertainment
2026-03-24,Bicycle Repair & New Tire Tube,28.50,Transportation
2026-03-26,Chegg Study & Exam Prep Subscription,19.95,Education
2026-03-29,Weekend Pizza Night with Roommates,26.50,Food & Dining
2026-03-31,Haircut at Student Barber,22.00,Personal Care
